time,expn,gene,gt,light,rep
24,0.744432233,LUX,Col,LL,rep1
27,0.34206596,LUX,Col,LL,rep1
30,0.724985279,LUX,Col,LL,rep1
33,1.599704457,LUX,Col,LL,rep1
36,1.273269376,LUX,Col,LL,rep1
39,0.805112053,LUX,Col,LL,rep1
42,0.613320447,LUX,Col,LL,rep1
45,0.708897563,LUX,Col,LL,rep1
48,0.512672555,LUX,Col,LL,rep1
51,0.405714214,LUX,Col,LL,rep1
54,0.784684248,LUX,Col,LL,rep1
57,0.664010847,LUX,Col,LL,rep1
24,0.694346547,LUX,rve468,LL,rep1
27,0.574157641,LUX,rve468,LL,rep1
30,0.487652562,LUX,rve468,LL,rep1
33,0.558410545,LUX,rve468,LL,rep1
36,0.623204532,LUX,rve468,LL,rep1
39,1.194876283,LUX,rve468,LL,rep1
42,2.084971062,LUX,rve468,LL,rep1
45,1.423421875,LUX,rve468,LL,rep1
48,1.061384535,LUX,rve468,LL,rep1
51,0.938706558,LUX,rve468,LL,rep1
54,0.640704562,LUX,rve468,LL,rep1
57,0.388161756,LUX,rve468,LL,rep1
24,0.824200587,LUX,cca1lhyrve468,LL,rep1
27,0.854491018,LUX,cca1lhyrve468,LL,rep1
30,0.900717921,LUX,cca1lhyrve468,LL,rep1
33,1.246271507,LUX,cca1lhyrve468,LL,rep1
36,1.011203118,LUX,cca1lhyrve468,LL,rep1
39,1.386005592,LUX,cca1lhyrve468,LL,rep1
42,1.116253144,LUX,cca1lhyrve468,LL,rep1
45,0.927492425,LUX,cca1lhyrve468,LL,rep1
48,0.903116621,LUX,cca1lhyrve468,LL,rep1
51,0.902440918,LUX,cca1lhyrve468,LL,rep1
54,0.819993425,LUX,cca1lhyrve468,LL,rep1
57,0.793140326,LUX,cca1lhyrve468,LL,rep1
24,1.015956285,LUX,cca1lhy,LL,rep1
27,1.289663016,LUX,cca1lhy,LL,rep1
30,1.395082397,LUX,cca1lhy,LL,rep1
33,1.122731704,LUX,cca1lhy,LL,rep1
36,0.76598275,LUX,cca1lhy,LL,rep1
39,0.916527254,LUX,cca1lhy,LL,rep1
42,0.903309293,LUX,cca1lhy,LL,rep1
45,1.234022134,LUX,cca1lhy,LL,rep1
48,1.443743567,LUX,cca1lhy,LL,rep1
51,1.140733549,LUX,cca1lhy,LL,rep1
54,0.741381377,LUX,cca1lhy,LL,rep1
57,0.979450279,LUX,cca1lhy,LL,rep1
24,0.439913138,LUX,Col,LL,rep2
27,0.370211436,LUX,Col,LL,rep2
30,0.527665544,LUX,Col,LL,rep2
33,1.595854084,LUX,Col,LL,rep2
36,1.559211603,LUX,Col,LL,rep2
39,0.739172752,LUX,Col,LL,rep2
42,0.525291623,LUX,Col,LL,rep2
45,0.624295648,LUX,Col,LL,rep2
48,0.457758011,LUX,Col,LL,rep2
51,0.399048989,LUX,Col,LL,rep2
54,0.786979709,LUX,Col,LL,rep2
57,0.901239091,LUX,Col,LL,rep2
24,0.744103109,LUX,rve468,LL,rep2
27,0.59000799,LUX,rve468,LL,rep2
30,0.482528478,LUX,rve468,LL,rep2
33,0.426358142,LUX,rve468,LL,rep2
36,0.799536628,LUX,rve468,LL,rep2
39,1.2596464,LUX,rve468,LL,rep2
42,1.816498354,LUX,rve468,LL,rep2
45,1.772295387,LUX,rve468,LL,rep2
48,1.086272969,LUX,rve468,LL,rep2
51,0.771245882,LUX,rve468,LL,rep2
54,0.576790026,LUX,rve468,LL,rep2
57,0.529116008,LUX,rve468,LL,rep2
24,0.651359551,LUX,cca1lhyrve468,LL,rep2
27,0.778362565,LUX,cca1lhyrve468,LL,rep2
30,0.477553736,LUX,cca1lhyrve468,LL,rep2
33,1.006713598,LUX,cca1lhyrve468,LL,rep2
36,0.924327112,LUX,cca1lhyrve468,LL,rep2
39,1.295786165,LUX,cca1lhyrve468,LL,rep2
42,0.79820398,LUX,cca1lhyrve468,LL,rep2
45,0.964325426,LUX,cca1lhyrve468,LL,rep2
48,0.742212279,LUX,cca1lhyrve468,LL,rep2
51,0.868987739,LUX,cca1lhyrve468,LL,rep2
54,0.884090686,LUX,cca1lhyrve468,LL,rep2
57,0.887298971,LUX,cca1lhyrve468,LL,rep2
24,0.805488413,LUX,cca1lhy,LL,rep2
27,1.067642286,LUX,cca1lhy,LL,rep2
30,1.244707571,LUX,cca1lhy,LL,rep2
33,1.080793131,LUX,cca1lhy,LL,rep2
36,0.851675497,LUX,cca1lhy,LL,rep2
39,0.87088661,LUX,cca1lhy,LL,rep2
42,0.882775599,LUX,cca1lhy,LL,rep2
45,1.021649751,LUX,cca1lhy,LL,rep2
48,1.107243477,LUX,cca1lhy,LL,rep2
51,1.037931372,LUX,cca1lhy,LL,rep2
54,0.986224517,LUX,cca1lhy,LL,rep2
57,0.906307332,LUX,cca1lhy,LL,rep2
24,0.272586862,TOC1,Col,LL,rep1
27,0.295675045,TOC1,Col,LL,rep1
30,0.370621568,TOC1,Col,LL,rep1
33,1.244973005,TOC1,Col,LL,rep1
36,1.102663404,TOC1,Col,LL,rep1
39,1.261445691,TOC1,Col,LL,rep1
42,0.718815633,TOC1,Col,LL,rep1
45,0.569767398,TOC1,Col,LL,rep1
48,0.332039255,TOC1,Col,LL,rep1
51,0.533453653,TOC1,Col,LL,rep1
54,0.692535541,TOC1,Col,LL,rep1
57,0.660044193,TOC1,Col,LL,rep1
24,0.974852368,TOC1,rve468,LL,rep1
27,0.864833225,TOC1,rve468,LL,rep1
30,0.373585522,TOC1,rve468,LL,rep1
33,0.402717287,TOC1,rve468,LL,rep1
36,0.344886989,TOC1,rve468,LL,rep1
39,0.449337554,TOC1,rve468,LL,rep1
42,1.124439616,TOC1,rve468,LL,rep1
45,1.251783696,TOC1,rve468,LL,rep1
48,1.065127276,TOC1,rve468,LL,rep1
51,1.183394723,TOC1,rve468,LL,rep1
54,1.038307709,TOC1,rve468,LL,rep1
57,0.393854966,TOC1,rve468,LL,rep1
24,0.497186804,TOC1,cca1lhyrve468,LL,rep1
27,0.639004438,TOC1,cca1lhyrve468,LL,rep1
30,0.451392682,TOC1,cca1lhyrve468,LL,rep1
33,0.822154707,TOC1,cca1lhyrve468,LL,rep1
36,0.546129431,TOC1,cca1lhyrve468,LL,rep1
39,1.246483952,TOC1,cca1lhyrve468,LL,rep1
42,1.080725431,TOC1,cca1lhyrve468,LL,rep1
45,0.853327916,TOC1,cca1lhyrve468,LL,rep1
48,0.824497912,TOC1,cca1lhyrve468,LL,rep1
51,0.751173054,TOC1,cca1lhyrve468,LL,rep1
54,0.849928975,TOC1,cca1lhyrve468,LL,rep1
57,0.798213596,TOC1,cca1lhyrve468,LL,rep1
24,1.055691426,TOC1,cca1lhy,LL,rep1
27,1.379032263,TOC1,cca1lhy,LL,rep1
30,1.573137779,TOC1,cca1lhy,LL,rep1
33,2.773942361,TOC1,cca1lhy,LL,rep1
36,1.600814676,TOC1,cca1lhy,LL,rep1
39,1.363145129,TOC1,cca1lhy,LL,rep1
42,1.145086253,TOC1,cca1lhy,LL,rep1
45,1.645966366,TOC1,cca1lhy,LL,rep1
48,1.775709644,TOC1,cca1lhy,LL,rep1
51,1.788626204,TOC1,cca1lhy,LL,rep1
54,1.651138607,TOC1,cca1lhy,LL,rep1
57,1.231306223,TOC1,cca1lhy,LL,rep1
24,0.381150153,TOC1,Col,LL,rep2
27,0.366776271,TOC1,Col,LL,rep2
30,0.393224529,TOC1,Col,LL,rep2
33,1.003941075,TOC1,Col,LL,rep2
36,1.669686706,TOC1,Col,LL,rep2
39,1.243090616,TOC1,Col,LL,rep2
42,0.838876328,TOC1,Col,LL,rep2
45,0.665229982,TOC1,Col,LL,rep2
48,0.425297465,TOC1,Col,LL,rep2
51,0.315207485,TOC1,Col,LL,rep2
54,0.68398177,TOC1,Col,LL,rep2
57,0.962742006,TOC1,Col,LL,rep2
24,1.076053523,TOC1,rve468,LL,rep2
27,0.619418759,TOC1,rve468,LL,rep2
30,0.424579871,TOC1,rve468,LL,rep2
33,0.30545452,TOC1,rve468,LL,rep2
36,0.487439431,TOC1,rve468,LL,rep2
39,0.607998345,TOC1,rve468,LL,rep2
42,0.851211089,TOC1,rve468,LL,rep2
45,1.423302081,TOC1,rve468,LL,rep2
48,1.212351119,TOC1,rve468,LL,rep2
51,0.971869817,TOC1,rve468,LL,rep2
54,0.747250091,TOC1,rve468,LL,rep2
57,0.522001927,TOC1,rve468,LL,rep2
24,0.418915956,TOC1,cca1lhyrve468,LL,rep2
27,0.724878201,TOC1,cca1lhyrve468,LL,rep2
30,0.250462439,TOC1,cca1lhyrve468,LL,rep2
33,0.554529297,TOC1,cca1lhyrve468,LL,rep2
36,0.474519818,TOC1,cca1lhyrve468,LL,rep2
39,1.408664197,TOC1,cca1lhyrve468,LL,rep2
42,0.489975517,TOC1,cca1lhyrve468,LL,rep2
45,1.192385431,TOC1,cca1lhyrve468,LL,rep2
48,0.885207395,TOC1,cca1lhyrve468,LL,rep2
51,0.766265787,TOC1,cca1lhyrve468,LL,rep2
54,0.836171877,TOC1,cca1lhyrve468,LL,rep2
57,0.520936331,TOC1,cca1lhyrve468,LL,rep2
24,0.66980494,TOC1,cca1lhy,LL,rep2
27,0.98046591,TOC1,cca1lhy,LL,rep2
30,1.093828031,TOC1,cca1lhy,LL,rep2
33,1.560002763,TOC1,cca1lhy,LL,rep2
36,1.279400373,TOC1,cca1lhy,LL,rep2
39,0.902581521,TOC1,cca1lhy,LL,rep2
42,0.890980052,TOC1,cca1lhy,LL,rep2
45,1.187291775,TOC1,cca1lhy,LL,rep2
48,1.247149939,TOC1,cca1lhy,LL,rep2
51,1.073648521,TOC1,cca1lhy,LL,rep2
54,1.326559786,TOC1,cca1lhy,LL,rep2
57,1.207831652,TOC1,cca1lhy,LL,rep2
24,0.422584654,ELF4,Col,LL,rep1
27,0.259180171,ELF4,Col,LL,rep1
30,0.331190311,ELF4,Col,LL,rep1
33,1.33673486,ELF4,Col,LL,rep1
36,2.650543287,ELF4,Col,LL,rep1
39,1.565759854,ELF4,Col,LL,rep1
42,1.064584753,ELF4,Col,LL,rep1
45,0.86572323,ELF4,Col,LL,rep1
48,0.640633839,ELF4,Col,LL,rep1
51,0.328197548,ELF4,Col,LL,rep1
54,0.463046728,ELF4,Col,LL,rep1
57,0.649054327,ELF4,Col,LL,rep1
24,0.989462883,ELF4,rve468,LL,rep1
27,0.510964244,ELF4,rve468,LL,rep1
30,0.288166868,ELF4,rve468,LL,rep1
33,0.286140874,ELF4,rve468,LL,rep1
36,0.255589853,ELF4,rve468,LL,rep1
39,0.637033967,ELF4,rve468,LL,rep1
42,1.578569335,ELF4,rve468,LL,rep1
45,1.387776858,ELF4,rve468,LL,rep1
48,1.201803607,ELF4,rve468,LL,rep1
51,1.353775419,ELF4,rve468,LL,rep1
54,0.765880046,ELF4,rve468,LL,rep1
57,0.541894503,ELF4,rve468,LL,rep1
24,0.667442731,ELF4,cca1lhyrve468,LL,rep1
27,0.653242125,ELF4,cca1lhyrve468,LL,rep1
30,0.603888091,ELF4,cca1lhyrve468,LL,rep1
33,0.76829412,ELF4,cca1lhyrve468,LL,rep1
36,0.92657617,ELF4,cca1lhyrve468,LL,rep1
39,1.295078742,ELF4,cca1lhyrve468,LL,rep1
42,1.387734023,ELF4,cca1lhyrve468,LL,rep1
45,1.076986649,ELF4,cca1lhyrve468,LL,rep1
48,1.190245736,ELF4,cca1lhyrve468,LL,rep1
51,0.759595685,ELF4,cca1lhyrve468,LL,rep1
54,0.612361273,ELF4,cca1lhyrve468,LL,rep1
57,0.603845339,ELF4,cca1lhyrve468,LL,rep1
24,0.761497812,ELF4,cca1lhy,LL,rep1
27,1.170346999,ELF4,cca1lhy,LL,rep1
30,2.806092629,ELF4,cca1lhy,LL,rep1
33,3.061271162,ELF4,cca1lhy,LL,rep1
36,1.691129632,ELF4,cca1lhy,LL,rep1
39,1.057831728,ELF4,cca1lhy,LL,rep1
42,0.887954691,ELF4,cca1lhy,LL,rep1
45,1.038523553,ELF4,cca1lhy,LL,rep1
48,1.943702128,ELF4,cca1lhy,LL,rep1
51,1.954520073,ELF4,cca1lhy,LL,rep1
54,1.815554926,ELF4,cca1lhy,LL,rep1
57,1.111129126,ELF4,cca1lhy,LL,rep1
24,0.305727148,ELF4,Col,LL,rep2
27,0.305296963,ELF4,Col,LL,rep2
30,0.35831133,ELF4,Col,LL,rep2
33,2.202158738,ELF4,Col,LL,rep2
36,4.591393818,ELF4,Col,LL,rep2
39,2.712023823,ELF4,Col,LL,rep2
42,1.253229831,ELF4,Col,LL,rep2
45,0.965375943,ELF4,Col,LL,rep2
48,0.546106092,ELF4,Col,LL,rep2
51,0.412936038,ELF4,Col,LL,rep2
54,0.65467799,ELF4,Col,LL,rep2
57,1.43719007,ELF4,Col,LL,rep2
24,0.786165473,ELF4,rve468,LL,rep2
27,0.418192056,ELF4,rve468,LL,rep2
30,0.322140521,ELF4,rve468,LL,rep2
33,0.212517907,ELF4,rve468,LL,rep2
36,0.381071526,ELF4,rve468,LL,rep2
39,0.603023462,ELF4,rve468,LL,rep2
42,0.910852569,ELF4,rve468,LL,rep2
45,1.13454988,ELF4,rve468,LL,rep2
48,1.333531653,ELF4,rve468,LL,rep2
51,0.848214985,ELF4,rve468,LL,rep2
54,0.689439209,ELF4,rve468,LL,rep2
57,0.490024362,ELF4,rve468,LL,rep2
24,0.745914969,ELF4,cca1lhyrve468,LL,rep2
27,0.868491836,ELF4,cca1lhyrve468,LL,rep2
30,0.939850001,ELF4,cca1lhyrve468,LL,rep2
33,0.78216538,ELF4,cca1lhyrve468,LL,rep2
36,1.236310525,ELF4,cca1lhyrve468,LL,rep2
39,1.763573161,ELF4,cca1lhyrve468,LL,rep2
42,2.070993219,ELF4,cca1lhyrve468,LL,rep2
45,1.638351376,ELF4,cca1lhyrve468,LL,rep2
48,1.138982584,ELF4,cca1lhyrve468,LL,rep2
51,1.114859324,ELF4,cca1lhyrve468,LL,rep2
54,1.027543267,ELF4,cca1lhyrve468,LL,rep2
57,1.362906398,ELF4,cca1lhyrve468,LL,rep2
24,0.532500087,ELF4,cca1lhy,LL,rep2
27,0.764658754,ELF4,cca1lhy,LL,rep2
30,1.663429762,ELF4,cca1lhy,LL,rep2
33,1.792606027,ELF4,cca1lhy,LL,rep2
36,1.317697954,ELF4,cca1lhy,LL,rep2
39,1.058926094,ELF4,cca1lhy,LL,rep2
42,0.889665445,ELF4,cca1lhy,LL,rep2
45,0.908449598,ELF4,cca1lhy,LL,rep2
48,1.625285217,ELF4,cca1lhy,LL,rep2
51,1.382875559,ELF4,cca1lhy,LL,rep2
54,1.343431463,ELF4,cca1lhy,LL,rep2
57,1.016090025,ELF4,cca1lhy,LL,rep2
24,0.159892343,PRR5,Col,LL,rep1
27,0.179378918,PRR5,Col,LL,rep1
30,0.619865499,PRR5,Col,LL,rep1
33,3.051618953,PRR5,Col,LL,rep1
36,1.521300586,PRR5,Col,LL,rep1
39,0.593597171,PRR5,Col,LL,rep1
42,0.309732661,PRR5,Col,LL,rep1
45,0.383150213,PRR5,Col,LL,rep1
48,0.258400793,PRR5,Col,LL,rep1
51,0.397476217,PRR5,Col,LL,rep1
54,1.1382495,PRR5,Col,LL,rep1
57,1.605812153,PRR5,Col,LL,rep1
24,0.607883951,PRR5,rve468,LL,rep1
27,0.423590108,PRR5,rve468,LL,rep1
30,0.19483019,PRR5,rve468,LL,rep1
33,0.325973656,PRR5,rve468,LL,rep1
36,0.390453658,PRR5,rve468,LL,rep1
39,0.75543031,PRR5,rve468,LL,rep1
42,1.303244767,PRR5,rve468,LL,rep1
45,1.174688365,PRR5,rve468,LL,rep1
48,0.75396011,PRR5,rve468,LL,rep1
51,0.525427907,PRR5,rve468,LL,rep1
54,0.613358735,PRR5,rve468,LL,rep1
57,0.30577667,PRR5,rve468,LL,rep1
24,0.402481002,PRR5,cca1lhyrve468,LL,rep1
27,0.539813773,PRR5,cca1lhyrve468,LL,rep1
30,0.600149778,PRR5,cca1lhyrve468,LL,rep1
33,1.077009419,PRR5,cca1lhyrve468,LL,rep1
36,0.793693163,PRR5,cca1lhyrve468,LL,rep1
39,1.141332574,PRR5,cca1lhyrve468,LL,rep1
42,0.825398316,PRR5,cca1lhyrve468,LL,rep1
45,0.764123042,PRR5,cca1lhyrve468,LL,rep1
48,0.83544823,PRR5,cca1lhyrve468,LL,rep1
51,0.656886371,PRR5,cca1lhyrve468,LL,rep1
54,0.91313454,PRR5,cca1lhyrve468,LL,rep1
57,1.024671467,PRR5,cca1lhyrve468,LL,rep1
24,0.875498341,PRR5,cca1lhy,LL,rep1
27,2.329061025,PRR5,cca1lhy,LL,rep1
30,3.274395941,PRR5,cca1lhy,LL,rep1
33,1.873560735,PRR5,cca1lhy,LL,rep1
36,0.75475284,PRR5,cca1lhy,LL,rep1
39,0.733666877,PRR5,cca1lhy,LL,rep1
42,0.822095698,PRR5,cca1lhy,LL,rep1
45,1.775945092,PRR5,cca1lhy,LL,rep1
48,2.571775756,PRR5,cca1lhy,LL,rep1
51,1.552888168,PRR5,cca1lhy,LL,rep1
54,1.471383305,PRR5,cca1lhy,LL,rep1
57,1.163995303,PRR5,cca1lhy,LL,rep1
24,0.14504236,PRR5,Col,LL,rep2
27,0.238202307,PRR5,Col,LL,rep2
30,0.735370731,PRR5,Col,LL,rep2
33,3.771284984,PRR5,Col,LL,rep2
36,2.385696038,PRR5,Col,LL,rep2
39,0.631573926,PRR5,Col,LL,rep2
42,0.382407497,PRR5,Col,LL,rep2
45,0.434180213,PRR5,Col,LL,rep2
48,0.323750137,PRR5,Col,LL,rep2
51,0.357645472,PRR5,Col,LL,rep2
54,1.325947035,PRR5,Col,LL,rep2
57,2.481343781,PRR5,Col,LL,rep2
24,0.620321425,PRR5,rve468,LL,rep2
27,0.369095264,PRR5,rve468,LL,rep2
30,0.419936305,PRR5,rve468,LL,rep2
33,0.291931858,PRR5,rve468,LL,rep2
36,0.537363036,PRR5,rve468,LL,rep2
39,0.950886436,PRR5,rve468,LL,rep2
42,1.440679129,PRR5,rve468,LL,rep2
45,1.260023587,PRR5,rve468,LL,rep2
48,0.851099521,PRR5,rve468,LL,rep2
51,0.589564417,PRR5,rve468,LL,rep2
54,0.559983863,PRR5,rve468,LL,rep2
57,0.433510989,PRR5,rve468,LL,rep2
24,0.531110838,PRR5,cca1lhyrve468,LL,rep2
27,0.750047393,PRR5,cca1lhyrve468,LL,rep2
30,0.673514887,PRR5,cca1lhyrve468,LL,rep2
33,1.173513475,PRR5,cca1lhyrve468,LL,rep2
36,1.251047554,PRR5,cca1lhyrve468,LL,rep2
39,1.234788213,PRR5,cca1lhyrve468,LL,rep2
42,0.795595185,PRR5,cca1lhyrve468,LL,rep2
45,0.853382777,PRR5,cca1lhyrve468,LL,rep2
48,1.023568266,PRR5,cca1lhyrve468,LL,rep2
51,0.798899125,PRR5,cca1lhyrve468,LL,rep2
54,0.949236406,PRR5,cca1lhyrve468,LL,rep2
57,1.016864891,PRR5,cca1lhyrve468,LL,rep2
24,0.543446348,PRR5,cca1lhy,LL,rep2
27,1.725172308,PRR5,cca1lhy,LL,rep2
30,2.18277759,PRR5,cca1lhy,LL,rep2
33,1.57783455,PRR5,cca1lhy,LL,rep2
36,0.792661777,PRR5,cca1lhy,LL,rep2
39,0.675229783,PRR5,cca1lhy,LL,rep2
42,0.699037985,PRR5,cca1lhy,LL,rep2
45,1.35455822,PRR5,cca1lhy,LL,rep2
48,2.083697729,PRR5,cca1lhy,LL,rep2
51,1.359333644,PRR5,cca1lhy,LL,rep2
54,1.328001323,PRR5,cca1lhy,LL,rep2
57,0.939294316,PRR5,cca1lhy,LL,rep2
24,0.069717103,PRR7,Col,LL,rep1
27,0.494411627,PRR7,Col,LL,rep1
30,1.215563935,PRR7,Col,LL,rep1
33,2.411319475,PRR7,Col,LL,rep1
36,0.680281028,PRR7,Col,LL,rep1
39,0.604882459,PRR7,Col,LL,rep1
42,0.168109826,PRR7,Col,LL,rep1
45,0.135912966,PRR7,Col,LL,rep1
48,0.123523413,PRR7,Col,LL,rep1
51,1.823161451,PRR7,Col,LL,rep1
54,1.834710398,PRR7,Col,LL,rep1
57,1.496666793,PRR7,Col,LL,rep1
24,0.210762043,PRR7,rve468,LL,rep1
27,0.241835631,PRR7,rve468,LL,rep1
30,0.224978274,PRR7,rve468,LL,rep1
33,0.918307028,PRR7,rve468,LL,rep1
36,1.16175268,PRR7,rve468,LL,rep1
39,0.470671492,PRR7,rve468,LL,rep1
42,0.913963321,PRR7,rve468,LL,rep1
45,0.846738209,PRR7,rve468,LL,rep1
48,0.445248744,PRR7,rve468,LL,rep1
51,0.365812754,PRR7,rve468,LL,rep1
54,0.676922075,PRR7,rve468,LL,rep1
57,0.399650075,PRR7,rve468,LL,rep1
24,0.06825593,PRR7,cca1lhyrve468,LL,rep1
27,0.302986803,PRR7,cca1lhyrve468,LL,rep1
30,0.408546865,PRR7,cca1lhyrve468,LL,rep1
33,1.478921124,PRR7,cca1lhyrve468,LL,rep1
36,0.748711851,PRR7,cca1lhyrve468,LL,rep1
39,0.903488704,PRR7,cca1lhyrve468,LL,rep1
42,0.373440347,PRR7,cca1lhyrve468,LL,rep1
45,0.218098593,PRR7,cca1lhyrve468,LL,rep1
48,0.380341015,PRR7,cca1lhyrve468,LL,rep1
51,0.8937623,PRR7,cca1lhyrve468,LL,rep1
54,1.232557513,PRR7,cca1lhyrve468,LL,rep1
57,1.244566252,PRR7,cca1lhyrve468,LL,rep1
24,1.083898184,PRR7,cca1lhy,LL,rep1
27,1.938222462,PRR7,cca1lhy,LL,rep1
30,1.787487274,PRR7,cca1lhy,LL,rep1
33,1.735939597,PRR7,cca1lhy,LL,rep1
36,0.61024985,PRR7,cca1lhy,LL,rep1
39,0.350834274,PRR7,cca1lhy,LL,rep1
42,0.820441835,PRR7,cca1lhy,LL,rep1
45,2.254684145,PRR7,cca1lhy,LL,rep1
48,1.387717507,PRR7,cca1lhy,LL,rep1
51,1.246665072,PRR7,cca1lhy,LL,rep1
54,0.843529523,PRR7,cca1lhy,LL,rep1
57,0.62455091,PRR7,cca1lhy,LL,rep1
24,0.105718077,PRR7,Col,LL,rep2
27,0.734537828,PRR7,Col,LL,rep2
30,1.625602283,PRR7,Col,LL,rep2
33,2.028708695,PRR7,Col,LL,rep2
36,1.451265483,PRR7,Col,LL,rep2
39,0.7540423,PRR7,Col,LL,rep2
42,0.301511796,PRR7,Col,LL,rep2
45,0.208369064,PRR7,Col,LL,rep2
48,0.304680823,PRR7,Col,LL,rep2
51,1.027584685,PRR7,Col,LL,rep2
54,1.967673512,PRR7,Col,LL,rep2
57,2.093123827,PRR7,Col,LL,rep2
24,0.382771903,PRR7,rve468,LL,rep2
27,0.332058274,PRR7,rve468,LL,rep2
30,1.038649012,PRR7,rve468,LL,rep2
33,1.205381823,PRR7,rve468,LL,rep2
36,2.267550439,PRR7,rve468,LL,rep2
39,2.352785736,PRR7,rve468,LL,rep2
42,1.782737605,PRR7,rve468,LL,rep2
45,1.952997977,PRR7,rve468,LL,rep2
48,0.867249236,PRR7,rve468,LL,rep2
51,0.418001314,PRR7,rve468,LL,rep2
54,0.385495391,PRR7,rve468,LL,rep2
57,0.539064549,PRR7,rve468,LL,rep2
24,0.097196902,PRR7,cca1lhyrve468,LL,rep2
27,0.675658254,PRR7,cca1lhyrve468,LL,rep2
30,0.412001212,PRR7,cca1lhyrve468,LL,rep2
33,0.75083496,PRR7,cca1lhyrve468,LL,rep2
36,0.297286687,PRR7,cca1lhyrve468,LL,rep2
39,1.32182812,PRR7,cca1lhyrve468,LL,rep2
42,0.258917962,PRR7,cca1lhyrve468,LL,rep2
45,0.439674696,PRR7,cca1lhyrve468,LL,rep2
48,0.57612715,PRR7,cca1lhyrve468,LL,rep2
51,0.717206411,PRR7,cca1lhyrve468,LL,rep2
54,1.204192686,PRR7,cca1lhyrve468,LL,rep2
57,0.674906935,PRR7,cca1lhyrve468,LL,rep2
24,0.625514104,PRR7,cca1lhy,LL,rep2
27,1.740725929,PRR7,cca1lhy,LL,rep2
30,1.401402567,PRR7,cca1lhy,LL,rep2
33,1.481866249,PRR7,cca1lhy,LL,rep2
36,0.814977563,PRR7,cca1lhy,LL,rep2
39,0.672885427,PRR7,cca1lhy,LL,rep2
42,0.748602867,PRR7,cca1lhy,LL,rep2
45,1.523241157,PRR7,cca1lhy,LL,rep2
48,1.468688886,PRR7,cca1lhy,LL,rep2
51,1.223783393,PRR7,cca1lhy,LL,rep2
54,1.095224706,PRR7,cca1lhy,LL,rep2
57,0.853231569,PRR7,cca1lhy,LL,rep2
24,0.4118502,PRR9,Col,LL,rep1
27,1.793054461,PRR9,Col,LL,rep1
30,3.296143012,PRR9,Col,LL,rep1
33,2.177249228,PRR9,Col,LL,rep1
36,0.318715024,PRR9,Col,LL,rep1
39,0.385229899,PRR9,Col,LL,rep1
42,0.198807816,PRR9,Col,LL,rep1
45,0.368692581,PRR9,Col,LL,rep1
48,0.479574004,PRR9,Col,LL,rep1
51,1.890765614,PRR9,Col,LL,rep1
54,1.872924209,PRR9,Col,LL,rep1
57,1.955020609,PRR9,Col,LL,rep1
24,0.446643301,PRR9,rve468,LL,rep1
27,0.83336427,PRR9,rve468,LL,rep1
30,0.907960856,PRR9,rve468,LL,rep1
33,2.897705425,PRR9,rve468,LL,rep1
36,2.498979469,PRR9,rve468,LL,rep1
39,0.987012257,PRR9,rve468,LL,rep1
42,0.587643373,PRR9,rve468,LL,rep1
45,0.534835412,PRR9,rve468,LL,rep1
48,0.487153758,PRR9,rve468,LL,rep1
51,0.654565145,PRR9,rve468,LL,rep1
54,1.252365883,PRR9,rve468,LL,rep1
57,1.463027147,PRR9,rve468,LL,rep1
24,0.289275024,PRR9,cca1lhyrve468,LL,rep1
27,0.631565531,PRR9,cca1lhyrve468,LL,rep1
30,0.816439176,PRR9,cca1lhyrve468,LL,rep1
33,0.902419072,PRR9,cca1lhyrve468,LL,rep1
36,0.390722797,PRR9,cca1lhyrve468,LL,rep1
39,0.349263777,PRR9,cca1lhyrve468,LL,rep1
42,0.327604224,PRR9,cca1lhyrve468,LL,rep1
45,0.339340924,PRR9,cca1lhyrve468,LL,rep1
48,0.505447112,PRR9,cca1lhyrve468,LL,rep1
51,0.73340778,PRR9,cca1lhyrve468,LL,rep1
54,0.774041123,PRR9,cca1lhyrve468,LL,rep1
57,0.565136919,PRR9,cca1lhyrve468,LL,rep1
24,2.056176338,PRR9,cca1lhy,LL,rep1
27,2.803843027,PRR9,cca1lhy,LL,rep1
30,1.269350557,PRR9,cca1lhy,LL,rep1
33,0.604013547,PRR9,cca1lhy,LL,rep1
36,0.591244704,PRR9,cca1lhy,LL,rep1
39,0.690101609,PRR9,cca1lhy,LL,rep1
42,0.9431402,PRR9,cca1lhy,LL,rep1
45,1.518001372,PRR9,cca1lhy,LL,rep1
48,1.103510719,PRR9,cca1lhy,LL,rep1
51,0.51670236,PRR9,cca1lhy,LL,rep1
54,0.447941109,PRR9,cca1lhy,LL,rep1
57,0.522122112,PRR9,cca1lhy,LL,rep1
24,0.291880724,PRR9,Col,LL,rep2
27,1.571463409,PRR9,Col,LL,rep2
30,2.541223794,PRR9,Col,LL,rep2
33,1.639828533,PRR9,Col,LL,rep2
36,0.357260672,PRR9,Col,LL,rep2
39,0.226061622,PRR9,Col,LL,rep2
42,0.220387097,PRR9,Col,LL,rep2
45,0.23451852,PRR9,Col,LL,rep2
48,0.422799986,PRR9,Col,LL,rep2
51,1.610346861,PRR9,Col,LL,rep2
54,1.402635983,PRR9,Col,LL,rep2
57,1.611483949,PRR9,Col,LL,rep2
24,0.322953131,PRR9,rve468,LL,rep2
27,0.648792544,PRR9,rve468,LL,rep2
30,2.178176753,PRR9,rve468,LL,rep2
33,2.545931857,PRR9,rve468,LL,rep2
36,2.54219079,PRR9,rve468,LL,rep2
39,1.666918943,PRR9,rve468,LL,rep2
42,0.709086627,PRR9,rve468,LL,rep2
45,0.469903077,PRR9,rve468,LL,rep2
48,0.55288638,PRR9,rve468,LL,rep2
51,0.568656595,PRR9,rve468,LL,rep2
54,0.81089182,PRR9,rve468,LL,rep2
57,0.947571353,PRR9,rve468,LL,rep2
24,0.292823869,PRR9,cca1lhyrve468,LL,rep2
27,0.917912377,PRR9,cca1lhyrve468,LL,rep2
30,1.014004592,PRR9,cca1lhyrve468,LL,rep2
33,0.529715121,PRR9,cca1lhyrve468,LL,rep2
36,0.235168894,PRR9,cca1lhyrve468,LL,rep2
39,0.375754949,PRR9,cca1lhyrve468,LL,rep2
42,0.356308569,PRR9,cca1lhyrve468,LL,rep2
45,0.343175961,PRR9,cca1lhyrve468,LL,rep2
48,0.413074522,PRR9,cca1lhyrve468,LL,rep2
51,0.538264941,PRR9,cca1lhyrve468,LL,rep2
54,0.55624584,PRR9,cca1lhyrve468,LL,rep2
57,0.479812917,PRR9,cca1lhyrve468,LL,rep2
24,0.78230048,PRR9,cca1lhy,LL,rep2
27,2.211213901,PRR9,cca1lhy,LL,rep2
30,0.759926078,PRR9,cca1lhy,LL,rep2
33,0.57410321,PRR9,cca1lhy,LL,rep2
36,0.56889835,PRR9,cca1lhy,LL,rep2
39,0.660792019,PRR9,cca1lhy,LL,rep2
42,0.924424886,PRR9,cca1lhy,LL,rep2
45,1.174875228,PRR9,cca1lhy,LL,rep2
48,0.954411988,PRR9,cca1lhy,LL,rep2
51,0.651048026,PRR9,cca1lhy,LL,rep2
54,0.562413799,PRR9,cca1lhy,LL,rep2
57,0.473699855,PRR9,cca1lhy,LL,rep2
